Dr.Ananya_Sharma ananya@01
Dr.Vikram_Patel vikram@02
Dr.Priya_Singh priya@03
Dr.Rahul_Kapoor rahul@04
Dr.Nisha_Gupta nisha@05
Dr.Arjun_Reddy arjun@06
Dr.Aisha_Khan aisha@07
Dr.Aditya_Mehra aditya@08
Dr.Natasha_Verma natasha@09
Dr.Abhinav_Kumar abhinav@10
Dr.Kavita_Reddy kavita@11
Dr.Rajiv_Khanna rajiv@12
Dr.Shreya_Joshi shreya@13
Dr.Rohit_Malhotra rohit@14
Dr.Ritu_Chauhan ritu@15
Dr.Sameer_Kapoor sameer@16
Dr.Preeti_Sharma preeti@17
Dr.Aarav_Gupta aarav@18
Dr.Meera_Singh meera@19
Dr.Karishma_Kapoor karishma@20
Dr.Pratik_Kesarkar pratik@21
Dr.Abhinandan_Onajol Abhs@123